{"109685458":{"group_type":"Group","settings":{"lock_member":"no","set_name":"12","lock_name":"yes","lock_photo":"no","flood":"yes"},"moderators":[],"set_owner":92007662},"112284948":{"group_type":"Group","settings":{"lock_member":"yes","set_name":"~{вєѕт~fяєιи∂ѕ}~#1","lock_name":"yes","lock_photo":"no","flood":"yes"},"moderators":{"118274880":"@Xx_Mr_Tired_xX","127510772":"@P_MISS_A","149524217":"@MaTiN_Shadow"},"set_owner":92007662},"groups":{"109685458":109685458,"112284948":112284948,"108297159":108297159,"108934803":108934803,"103524454":103524454,"100785120":100785120,"117574132":117574132,"117833753":117833753},"108297159":{"group_type":"Group","settings":{"lock_arabic":"yes","flood":"yes","lock_member":"no","set_name":"Test Max","lock_photo":"no","lock_name":"yes"},"moderators":[],"set_owner":92007662},"admins":{"25866548":"25866548","92593481":"Mahdirahimzade234","64616273":"Maxantispam","118274880":"Xx_Mr_Tired_xX","127510772":"P_MISS_A","149524217":"MaTiN_Shadow"},"108934803":{"group_type":"Group","settings":{"lock_arabic":"yes","set_name":"Test","flood":"yes","lock_member":"no","lock_photo":"no","lock_name":"no"},"moderators":[],"set_owner":92007662},"117574132":{"group_type":"Group","settings":{"lock_member":"no","set_name":"x","lock_name":"yes","lock_photo":"no","flood":"yes"},"moderators":{"25866548":"@Shopbuy"},"set_owner":92007662},"100785120":{"group_type":"Group","settings":{"lock_member":"no","set_name":"2","flood":"yes","lock_photo":"no","lock_name":"yes"},"moderators":[],"set_owner":92007662},"103524454":{"group_type":"Group","settings":{"lock_member":"no","set_name":".","lock_name":"yes","lock_photo":"no","flood":"yes"},"moderators":[],"set_owner":92007662},"117833753":{"group_type":"Group","settings":{"lock_name":"yes","set_name":"😐","flood":"yes","lock_member":"no","lock_photo":"no","flood_msg_max":"5"},"moderators":[],"set_owner":92007662}}